DROP DATABASE IF EXISTS cadet_postal_system;

CREATE DATABASE cadet_postal_system;
USE cadet_postal_system;


CREATE TABLE cadet(
    email VARCHAR(60) NOT NULL PRIMARY KEY,
    boxNumber INTEGER (4) UNIQUE NOT NULL REFERENCES poBox(boxNumber) ON UPDATE CASCADE ON DELETE RESTRICT,
    firstName VARCHAR (15) NOT NULL,
    lastName VARCHAR (20) NOT NULL,
    squadron NUMERIC (2) NOT NULL,
    password VARCHAR (30) NOT NULL
);

CREATE TABLE poBox(
    email VARCHAR (60) UNIQUE REFERENCES cadet(email) ON UPDATE CASCADE ON DELETE RESTRICT,
    boxNumber INTEGER (4) UNIQUE NULL PRIMARY KEY,
    isEmpty BOOLEAN DEFAULT TRUE
);

CREATE TABLE mailParcel(
    binaryBarcode VARCHAR (130) NOT NULL PRIMARY KEY,
    boxNumber INTEGER (4) NOT NULL REFERENCES poBox(boxNumber) ON UPDATE CASCADE ON DELETE RESTRICT,
    firstName VARCHAR (15),
    lastName VARCHAR (20)
);

CREATE TABLE yellowSlip(
    binaryBarcode VARCHAR (130) NOT NULL REFERENCES mailParcel(binaryBarcode) ON UPDATE CASCADE ON DELETE RESTRICT
);

CREATE TABLE lockerKey(
    binaryBarcode VARCHAR (130) NOT NULL REFERENCES mailParcel(binaryBarcode) ON UPDATE CASCADE ON DELETE RESTRICT,
    lockerId VARCHAR (4) UNIQUE NOT NULL
);


INSERT INTO cadet (email, boxNumber, firstName, lastName, squadron, password) VALUES
    ('C23Daniel.Simonds@afacademy.af.edu', 2993, 'Daniel', 'Simonds', 29, '5eKUKLaQOiUP2Y'),
    ('C25colby.tell@afacademy.af.edu', 3048, 'Colby', 'Tell', 29, 'bDQz1pfzVd97Zh'),
    ('c23ethan.deibert@afacademy.af.edu', 1303, 'Ethan', 'Deibert', 29, '5RULVAwGV7o7bB'),
    ('c25benjamin.stewart@afacademy.af.edu', 1297, 'Benjamin', 'Stewart', 29, 'SsPxXOkWbDCOpN'),
    ('C25Camden.Chiari@afacademy.af.edu', 5756, 'Camden', 'Chiari', 29, 'Go0cHu19M9mBwv'),
    ('c23jessica.quiros@afacademy.af.edu', 3198, 'Jessica', 'Quiros', 29, '2xOjHlD6Yu0XM0'),
    ('C23micah.center@afacademy.af.edu', 1685, 'Micah', 'Center', 29, 'DzHbXq3AzzFiua'),
    ('c22shelby.turner@afacademy.af.edu', 3883, 'Shelby', 'Turner', 29, '6rauAgJfBtH2gV'),
    ('C24addison.lutz@afacademy.af.edu', 3335, 'Addison', 'Lutz', 29, 'X3UOvri9CVYoqm'),
    ('c25samuel.eddy@afacademy.af.edu', 4692, 'Samuel', 'Eddy', 29, 'JqUC3xmmVXvjjq'),
    ('c25aiden.hottle@afacademy.af.edu', 4271, 'Aiden', 'Hottle', 29, 'c5SDz8wdPcrA0S'),
    ('C24ethan.smith@afacademy.af.edu', 4192, 'Ethan', 'Smith', 29, '0kHzCtsYFaPoj8'),
    ('c23marc.allerheiligen@afacademy.af.edu', 5793, 'Marc', 'Allerheiligen', 29, 'omPaz5YtOL88Pl'),
    ('C23luke.arkell@afacademy.af.edu', 4204, 'Luke', 'Arkell', 29, '0iT5rYcj7Ynyq2'),
    ('C24cole.bitting@afacademy.af.edu', 1028, 'Cole', 'Bitting', 29, 'wKPS5SrXVZNR6W'),
    ('C25hudson.fahrenholz@afacademy.af.edu', 1708, 'Hudson', 'Fahrenholz', 29, 'X3YHpfXOUbu3w4'),
    ('C24Allison.langenburg@afacademy.af.edu', 2853, 'Allison', 'Langenburg', 29, 'QXn1Yt4NClu1Mc'),
    ('C23hannah.barbour@afacademy.af.edu', 3368, 'Hannah', 'Barbour', 29, 'CM0cIX2IP3znUI'),
    ('C25peter.rickard@afacademy.af.edu', 1271, 'Peter', 'Rickard', 29, 'ZS89iUdLFB94Qj'),
    ('C25sohan.khanvilkar@afacademy.af.edu', 1177, 'Sohan', 'Khanvilkar', 27, 'iez1NFmcVJPkDD'),
    ('C25luis.cardona@afacademy.af.edu', 3963, 'Luis', 'Cardona', 27, '0WTXXlNcaAJsnV'),
    ('c25erin.brzusek@afacademy.af.edu', 2014, 'Erin', 'Brzusek', 27, 'UicP4WbQfnb972'),
    ('c22gavin.kim@afacademy.af.edu', 5487, 'Gavin', 'Kim', 27, 'alDrfonBMMn34z'),
    ('c23eric.kenes@afacademy.af.edu', 2209, 'Eric', 'Kenes', 27, '9sjIkUgt3MUVuk'),
    ('C25greta.lambert@afacademy.af.edu', 2651, 'Greta', 'Lambert', 27, 'haUqdD0J274u0m'),
    ('c23connor.chase@afacademy.af.edu', 5783, 'Connor', 'Chase', 27, 'E9ix7qcnxJIFHX'),
    ('c24camryn.camarata@afacademy.af.edu', 3062, 'Camryn', 'Camarata', 27, 'CNHhFBfrqiD8mY'),
    ('c24alexander.ankney@afacademy.af.edu', 5892, 'Alexander', 'Ankney', 27, 'bxYuB68VTdq9wy'),
    ('c24tyler.vannatta@afacademy.af.edu', 3372, 'Tyler', 'Vannatta', 27, 'gOWhejdcTtjTB7'),
    ('c25cody.ward@afacademy.af.edu', 1866, 'Cody', 'Ward', 27, 'BJIis3si9OZbSx'),
    ('c25jacob.brady@afacademy.af.edu', 3331, 'Jacob', 'Brady', 29, 'Dhzgi8c94hi2O6'),
    ('c25christopher.herman@afacademy.af.edu', 2273, 'Christopher', 'Herman', 27, '1w9xJlgenewIXu'),
    ('c24liliana.glancy@afacademy.af.edu', 3619, 'Liliana', 'Glancy', 27, 'yNLR5jQx200JXh'),
    ('c24garrett.siemen@afacademy.af.edu', 1422, 'Garrett', 'Siemen', 29, 'zE24naj0DCJzX5'),
    ('c25jenna.rubidoux@afacademy.af.edu', 4964, 'Jenna', 'Rubidoux', 29, 'E4gPKDJAorTUsp'),
    ('C23zachary.wall@afacademy.af.edu', 3168, 'Zachary', 'Wall', 27, 'n3Dp4TrlYYNGJ0'),
    ('C24carlie.Niedzwiedzki@afacademy.af.edu', 2986, 'Carlie', 'Niedzwiedzki', 27, 'YjQpQYzpJse6vu'),
    ('c23donovan.williams@afacademy.af.edu', 4043, 'Donovan', 'Williams', 27, 'z80zdjKql3A5d4'),
    ('c23emma.arbanas@afacademy.af.edu', 3259, 'Emma', 'Arbanas', 27, 'l8XvkfNDUEikwH'),
    ('C23keane.singleton@afacademy.af.edu', 3754, 'Keane', 'Singleton', 35, 'f3eSA02CgzqThP'),
    ('C23beck.grasser@afacademy.af.edu', 4023, 'Beck', 'Grasser', 33, 'YsaoKlGyjMHrc5'),
    ('C22nicholas.garbinski@afacademy.af.edu', 5638, 'Nicholas', 'Garbinski', 13, 'YUHLuHlNz3DloH'),
    ('c22james.norkosky@afacademy.af.edu', 4175, 'James', 'Norkosky', 20, '4QRaellH8gt6Wh'),
    ('C23Braeden.Swanson@afacademy.af.edu', 2943, 'Braeden', 'Swanson', 22, 'fcAptHJYHXuNA3'),
    ('C22yun.ro@afacademy.af.edu', 5573, 'Yun', 'Ro', 11, 'bwprYnSpYJe8tG'),
    ('C22parker.garrison@afacademy.af.edu', 4672, 'Parker', 'Garrison', 11, '5UoPA2buMj3OB1'),
    ('C23aiden.diedrich@afacademy.af.edu', 1969, 'Aiden', 'Diedrich', 19, 'bSaKJu5eSNay1o'),
    ('C22brayden.dragoo@afacademy.af.edu', 3417, 'Brayden', 'Dragoo', 30, 'EhJilUhC75ZxA2'),
    ('C23haley.brunkal@afacademy.af.edu', 2187, 'Haley', 'Brunkal', 5, 'ONfZ8EkJofNcCP'),
    ('C24andrew.ferkany@afacademy.af.edu', 3941, 'Andrew', 'Ferkany', 27, 'GDCkduEQRYnBoP'),
    ('C23isaac.melvin@afacademy.af.edu', 4735, 'Isaac', 'Melvin', 13, 'Pd9chGzwaBrw6G'),
    ('C22aliyah.brown@afacademy.af.edu', 1305, 'Aliyah', 'Brown', 33, 'xylfA3KA6Gdbg9'),
    ('C23ray.benson@afacademy.af.edu', 4133, 'Ray', 'Benson', 18, 'Nz66AomLp8zmqS'),
    ('C23andrew.dever@afacademy.af.edu', 1146, 'Andrew', 'Dever', 7, 'rszXpkF5Ggcy0q'),
    ('C23James.Adams@afacademy.af.edu', 5787, 'James', 'Adams', 34, '5oXdCbbUFnFmVN'),
    ('c23emma.wood@afacademy.af.edu', 2092, 'Emma', 'Wood', 29, 'e7iCjwqzzwjSB2'),
    ('c23samuel.metzler@afacademy.af.edu', 2424, 'Samuel', 'Metzler', 7, '225AGRc8gxrXIc'),
    ('c23baley.brown@afacademy.af.edu', 4232, 'Baley', 'Brown', 8, 'MyExYVrczZuLyL'),
    ('C23julia.gundlach@afacademy.af.edu', 4069, 'Julia', 'Gundlach', 5, '91NWiWwXTBqrZb'),
    ('c23alison.thompson@afacademy.af.edu', 1917, 'Alison', 'Thompson', 27, 'yf8Y7L6ogljbYC'),
    ('c23tyler.reohr@afacademy.af.edu', 4169, 'Tyler', 'Reohr', 37, '35l0tnrdWWu7BI'),
    ('c23max.perkins@afacademy.af.edu', 1135, 'Max', 'Perkins', 20, '0ZhzCfXw6LBOTI'),
    ('c23grace.sian@afacademy.af.edu', 2846, 'Grace', 'Sian', 7, 'sed4PL0OO9hEAV'),
    ('c23elijah.brant@afacademy.af.edu', 3959, 'Elijah', 'Brant', 24, '4QhAMPKx4aOl6G'),
    ('c23dante.cyrus@afacademy.af.edu', 4195, 'Dante', 'Cyrus', 14, 'CJuLs8BReYW74D'),
    ('c23taylor.metzger@afacademy.af.edu', 1039, 'Taylor', 'Metzger', 3, '3HOkE0E4NlAMgN'),
    ('c23joseph.mccollum@afacademy.af.edu', 5732, 'Joseph', 'Mccollum', 31, '4gCNKvjqsyLXdV'),
    ('c23daniel.sevilla@afacademy.af.edu', 5711, 'Daniel', 'Sevilla', 19, 'yS2AC8vITV03ah'),
    ('C23oliver.washington@afacademy.af.edu', 4812, 'Oliver', 'Washington', 20, 'KNvq8nP4gFHGRC'),
    ('c23anna.little@afacademy.af.edu', 2644, 'Anna', 'Little', 7, '2XSGrxhLc97o9D'),
    ('c23krittawata.su-uthai@afacademy.af.edu', 2838, 'Krittawata', 'Su-Uthai', 1, 'YOpvAWAejAv5ye'),
    ('C23matthew.mansoor@afacademy.af.edu', 2904, 'Matthew', 'Mansoor', 6, 'JWy7Yp8Yr5yYiB'),
    ('c23noah.luna@afacademy.af.edu', 3831, 'Noah', 'Luna', 29, '9hPYD86A0OsjEw'),
    ('c23joshua.tauss@afacademy.af.edu', 5423, 'Joshua', 'Tauss', 29, 'aNNEtlYlfkd5ap'),
    ('c23jack.ninos@afacademy.af.edu', 4389, 'Jack', 'Ninos', 39, '1cZrOuGubaBjZo'),
    ('c23skyler.royse@afacademy.af.edu', 4414, 'Skyler', 'Royse', 39, 'dJ4FJ0CQgMIGOu');

INSERT INTO poBox (email, boxNumber, isEmpty) VALUES
    ('C23Daniel.Simonds@afacademy.af.edu', 2993, false),
    ('C25colby.tell@afacademy.af.edu', 3048, false),
    ('c23ethan.deibert@afacademy.af.edu', 1303, false),
    ('c25benjamin.stewart@afacademy.af.edu', 1297, false),
    ('C25Camden.Chiari@afacademy.af.edu', 5756, false),
    ('c23jessica.quiros@afacademy.af.edu', 3198, false),
    ('C23micah.center@afacademy.af.edu', 1685, false),
    ('c22shelby.turner@afacademy.af.edu', 3883, false),
    ('C24addison.lutz@afacademy.af.edu', 3335, false),
    ('c25samuel.eddy@afacademy.af.edu', 4692, false),
    ('c25aiden.hottle@afacademy.af.edu', 4271, false),
    ('C24ethan.smith@afacademy.af.edu', 4192, false),
    ('c23marc.allerheiligen@afacademy.af.edu', 5793, false),
    ('C23luke.arkell@afacademy.af.edu', 4204, false),
    ('C24cole.bitting@afacademy.af.edu', 1028, false),
    ('C25hudson.fahrenholz@afacademy.af.edu', 1708, false),
    ('C24Allison.langenburg@afacademy.af.edu', 2853, false),
    ('C23hannah.barbour@afacademy.af.edu', 3368,false),
    ('C25peter.rickard@afacademy.af.edu', 1271, false),
    ('C25sohan.khanvilkar@afacademy.af.edu', 1177, false),
    ('C25luis.cardona@afacademy.af.edu', 3963, false),
    ('c25erin.brzusek@afacademy.af.edu', 2014, false),
    ('c22gavin.kim@afacademy.af.edu', 5487, false),
    ('c23eric.kenes@afacademy.af.edu', 2209, false),
    ('C25greta.lambert@afacademy.af.edu', 2651, false),
    ('c23connor.chase@afacademy.af.edu', 5783, false),
    ('c24camryn.camarata@afacademy.af.edu', 3062, false),
    ('c24alexander.ankney@afacademy.af.edu', 5892, false),
    ('c24tyler.vannatta@afacademy.af.edu', 3372, false),
    ('c25cody.ward@afacademy.af.edu', 1866, false),
    ('c25jacob.brady@afacademy.af.edu', 3331, false),
    ('c25christopher.herman@afacademy.af.edu', 2273, false),
    ('c24liliana.glancy@afacademy.af.edu', 3619, false),
    ('c24garrett.siemen@afacademy.af.edu', 1422, false),
    ('c25jenna.rubidoux@afacademy.af.edu', 4964, false),
    ('C23zachary.wall@afacademy.af.edu', 3168, false),
    ('C24carlie.Niedzwiedzki@afacademy.af.edu', 2986, false),
    ('c23donovan.williams@afacademy.af.edu', 4043, false),
    ('c23emma.arbanas@afacademy.af.edu', 3259, false),
    ('C23keane.singleton@afacademy.af.edu', 3754, false),
    ('C23beck.grasser@afacademy.af.edu', 4023, false),
    ('C22nicholas.garbinski@afacademy.af.edu', 5638, false),
    ('c22james.norkosky@afacademy.af.edu', 4175, false),
    ('C23Braeden.Swanson@afacademy.af.edu', 2943, false),
    ('C22yun.ro@afacademy.af.edu', 5573, false),
    ('C22parker.garrison@afacademy.af.edu', 4672, false),
    ('C23aiden.diedrich@afacademy.af.edu', 1969, false),
    ('C22brayden.dragoo@afacademy.af.edu', 3417, false),
    ('C23haley.brunkal@afacademy.af.edu', 2187, false),
    ('C24andrew.ferkany@afacademy.af.edu', 3941, false),
    ('C23isaac.melvin@afacademy.af.edu', 4735, false),
    ('C22aliyah.brown@afacademy.af.edu', 1305, false),
    ('C23ray.benson@afacademy.af.edu', 4133, false),
    ('C23andrew.dever@afacademy.af.edu', 1146, false),
    ('C23James.Adams@afacademy.af.edu', 5787, false),
    ('c23emma.wood@afacademy.af.edu', 2092, false),
    ('c23samuel.metzler@afacademy.af.edu', 2424, false),
    ('c23baley.brown@afacademy.af.edu', 4232, false),
    ('C23julia.gundlach@afacademy.af.edu', 4069, false),
    ('c23alison.thompson@afacademy.af.edu', 1917, false),
    ('c23tyler.reohr@afacademy.af.edu', 4169, false),
    ('c23max.perkins@afacademy.af.edu', 1135, false),
    ('c23grace.sian@afacademy.af.edu', 2846, false),
    ('c23elijah.brant@afacademy.af.edu', 3959, false),
    ('c23dante.cyrus@afacademy.af.edu', 4195, false),
    ('c23taylor.metzger@afacademy.af.edu', 1039, false),
    ('c23joseph.mccollum@afacademy.af.edu', 5732, false),
    ('c23daniel.sevilla@afacademy.af.edu', 5711, false),
    ('C23oliver.washington@afacademy.af.edu', 4812, false),
    ('c23anna.little@afacademy.af.edu', 2644, false),
    ('c23krittawata.su-uthai@afacademy.af.edu', 2838, false),
    ('C23matthew.mansoor@afacademy.af.edu', 2904, false),
    ('c23noah.luna@afacademy.af.edu', 3831, false),
    ('c23joshua.tauss@afacademy.af.edu', 5423, false),
    ('c23jack.ninos@afacademy.af.edu', 4389, false),
    ('c23skyler.royse@afacademy.af.edu', 4414, false);

INSERT INTO mailParcel(binaryBarcode,boxNumber,firstName,lastName) VALUES
    ('0101110010011100110100000101100100001111001011100010001011010011000000100001010110111110000010011111011001001100010110011011100001', 5892, 'Alexander', 'Ankney'),
    ('1110011001101011110000011111111111011111100100011010101101100111101000111010001000010001000010011101010100011111110110100010110011', 2993, 'Daniel', 'Simonds'),
    ('0001000010000110101001101010011001111100000101100010110100011110001011010010010100001111011101000001011001110110111011100100101111', 3048, 'Colby', 'Tell'),
    ('0110100011111011100011100000010000011000100110100011011011000011011001001010101001101000010100110111001011000000001001101111101110', 1303, 'Ethan', 'Deibert'),
    ('1110100110101011010011000111101011101001111100000101100110111001011001001101000101110000101100010001000011100010101010011011111011', 1297, 'Benjamin', 'Stewart'),
    ('0011000110011000101100011000100011001101000100101011111101001110001011101110110111100111110011111010010001100110101001101000110011', 5756, 'Camden', 'Chiari'),
    ('1111100011001110000100000000011000111111111001110001001000101101100001011001001101101011101100001110000001101100101110011110010001', 3198, 'Jessica', 'Quiros'),
    ('1011111010101000001100000011100100011101010001010100011000011011101110010000110110011010111011100110111001100001001010011101011101', 1685, 'Micah', 'Center'),
    ('0110000010011110100100011000110000110111011111111101100000001010100101111001100000111111111000001000011010010110100110011000111111', 3883, 'Shelby', 'Turner'),
    ('0111010000010010111010010110010100101001011001100110010011100100000100111101110010000000100101011110101101010011110001100001100001', 3335, 'Addison', 'Lutz'),
    ('0001000010001000101110011011011111000100011001010110111101001010011110011011101100110011110100110111000001000001110010110100011001', 3883, 'Shelby', 'Turner'),
    ('0111100010111101010010110000000000100101010111000011000101100101000110111111111010111010100110001011001110100110000101011010000111', 3335, 'Addison', 'Lutz'),
    ('1001110011001000100100011101001001110111010111011010100001001011100110011101111110111000111001110010100101001011001011010000011100', 4692, 'Samuel', 'Eddy'),
    ('1100000000100000110001011100110111110110100111111010010010001101100110001100001011001010101101111010100001000110101000101011011101', 4271, 'Aiden', 'Hottle'),
    ('1010111100010111011011000111111010010010101001010101000110001111100101110000100010000111101010110010011000001101001101000010100011', 4192, 'Ethan', 'Smith'),
    ('0010010000110111110110110101100001110100101101101110001111110000011111000100010110100010010101100111110010010000011010011111001001', 5793, 'Marc', 'Allerheiligen'),
    ('0111101000100100110011100010001011101010111110001000110110001101011010110011111100100010100001011110100010101100111000110011110010', 4204, 'Luke', 'Arkell'),
    ('0011010010101011011010000100000111110001100011111001000101101000000001110100000010111100001001000011000010000001011001100101101000', 1028, 'Cole', 'Bitting'),
    ('1111010011100001011001110110001010010010001101110001111001010011000110001110101110111110100001001100000110110101001101000110110001', 1708, 'Hudson', 'Fahrenholz'),
    ('1101100101000101110111011101001011101110111000001100100100110111100100111100111001111010100001100000111000011000011100011010011100', 2853, 'Allison', 'Langenburg'),
    ('1111010111100111101110000000001000001001110110101000011100100000001000001000000111011111101101100110111000100101010101010101111010', 3368, 'Hannah', 'Barbour'),
    ('0110111100110100111010101101100101001010011011000011000001010110000010011011110100110000110001110110110011101111010001110001010000', 1271, 'Peter', 'Rickard'),
    ('0011100101000001000010111101011010001001000001001000010011010111010100101000101111101110110010001100000110100000110100001110001000', 1177, 'Sohan', 'Khanvilkar'),
    ('0101111100101100000000100110110000100110111100011011001101001011011010000111010111011111001000011001101101000101001011010100100110', 3963, 'Luis', 'Cardona'),
    ('0010011100101000100110101100011010011010100000000100011001110101101110001010011001010010111001110100110101101011001100010000000001', 2014, 'Erin', 'Brzusek'),
    ('0101011101011011110110101001001110110111001011110000100001010111110010010110000100010110001110001001100000111110001110100110101110', 5487, 'Gavin', 'Kim'),
    ('1101011111111111100000111010100011000110101000100101000100101001101110000011100100100100111000010100011101100011000011110000010111', 2209, 'Eric', 'Kenes'),
    ('1110101100101111100101101110100100011001100110001011010001010000001101110000011101000011110000011001000000001110110000000010011001', 2651, 'Greta', 'Lambert'),
    ('0100100000110111011001011111000001000110100011000000100000110100100110100010111101010010110100100100100100100101100110110101111101', 5783, 'Connor', 'Chase'),
    ('1000001000100010110101111100110110101110101001101110101001100000011011000100110010101101010101110101110000101111010110101111010010', 3062, 'Camryn', 'Camarata'),
    ('1100001001101110000011101101011100011110001011101011101010111010010011011011110111001000001001100000101010011101101010100100100111', 5892, 'Alexander', 'Ankney'),
    ('0001101001010011100000010001100000110110000111001000101110011010101001110111111101110111111010100000101001000100010110011101101000', 3372, 'Tyler', 'Vannatta'),
    ('0101111000001001010101110101101100110111001011100001101111111110010011111110111000001010011000010110001010100101111011010100010000', 1866, 'Cody', 'Ward'),
    ('0001001111111001111000100101100101000001111110011110011011011100101001010000010110100101011101100001110101101001100010010101101111', 3331, 'Jacob', 'Brady'),
    ('0111010101110011010100101010000110010100111111111100110010000100110010011010101010101101111100101111010000011110000111111010111001', 2273, 'Christopher', 'Herman'),
    ('0010001011010110010111100110110110001101101011100110100000010001101011011010101000110000000100100001100101000011100000111010001011', 3619, 'Liliana', 'Glancy'),
    ('1110100010101010111011110001101001000000100010111001110001111011100100101001111010110011110110000110000110010100111100010111001101', 1422, 'Garrett', 'Siemen'),
    ('1000100111000111111010111111001011110111101100011101001111000000111110011111111101100101110001111001100011011111000100010010110111', 4964, 'Jenna', 'Rubidoux'),
    ('1111000111000100110111011010100010001011010110011010100100011001000010010010010101010111010100010111000011101000011011110001101100', 4964, 'Jenna', 'Rubidoux'),
    ('1001001000100000001101110010000001111110000110011100011111101110000100000000100010101100110000000000011000001110000010000110011000', 1422, 'Garrett', 'Siemen'),
    ('1110110100111110011111011101100011111100101101000110101010111110100001011000100000011011011001110110111100101010100111011010011001', 3619, 'Liliana', 'Glancy'),
    ('0000111000011000110001010011110111111110001111010001000100011100000010000100010100111010000100010000110100111110100010111110100011', 2273, 'Christopher', 'Herman'),
    ('0010011010001101010101000011100110101110000111001100010011110011100010011011010010101001111011001000101111110011100010000011111011', 3331, 'Jacob', 'Brady'),
    ('0000100101101011011111000000110101100011001110100100100011000110101010011110101100011010000100111100001001101111101001110101110110', 1866, 'Cody', 'Ward'),
    ('0101010101100011000000000110110011101100111110011000011000000000110011000101011111011100100110000111011001101010010000100101101010', 1866, 'Cody', 'Ward'),
    ('1010110000001001110011100111010111000101011100101100001100010000000100000101110000010100011100101010010010110000110000111011001001', 3372, 'Tyler', 'Vannatta'),
    ('1111111000101000001101110100001100111011001111000010001111010101001001001001100111011111111100100101010100101000001000000110100010', 5892, 'Alexander', 'Ankney'),
    ('0110110101111011111011000000111110010101011010000000001010011000101001000000111110011100010001101110000001110000111001010010100110', 3062, 'Camryn', 'Camarata'),
    ('0010111011100011101101101000001111000000110100100111010110000001000111010000000100010000011001001000110001110110100001000100100111', 3963, 'Luis', 'Cardona'),
    ('0111011111100001010000111101001101001101111111101000100000011101110001011101110000110111001000110101110001111101010111001001110101', 1028, 'Cole', 'Bitting');

INSERT INTO yellowSlip (binaryBarcode) VALUES
    ('0101110010011100110100000101100100001111001011100010001011010011000000100001010110111110000010011111011001001100010110011011100001'),
    ('1110011001101011110000011111111111011111100100011010101101100111101000111010001000010001000010011101010100011111110110100010110011'),
    ('0001000010000110101001101010011001111100000101100010110100011110001011010010010100001111011101000001011001110110111011100100101111'),
    ('0110100011111011100011100000010000011000100110100011011011000011011001001010101001101000010100110111001011000000001001101111101110'),
    ('1110100110101011010011000111101011101001111100000101100110111001011001001101000101110000101100010001000011100010101010011011111011'),
    ('0011000110011000101100011000100011001101000100101011111101001110001011101110110111100111110011111010010001100110101001101000110011'),
    ('1111100011001110000100000000011000111111111001110001001000101101100001011001001101101011101100001110000001101100101110011110010001'),
    ('1011111010101000001100000011100100011101010001010100011000011011101110010000110110011010111011100110111001100001001010011101011101'),
    ('0110000010011110100100011000110000110111011111111101100000001010100101111001100000111111111000001000011010010110100110011000111111'),
    ('0111010000010010111010010110010100101001011001100110010011100100000100111101110010000000100101011110101101010011110001100001100001'),
    ('0001000010001000101110011011011111000100011001010110111101001010011110011011101100110011110100110111000001000001110010110100011001'),
    ('0111100010111101010010110000000000100101010111000011000101100101000110111111111010111010100110001011001110100110000101011010000111'),
    ('1001110011001000100100011101001001110111010111011010100001001011100110011101111110111000111001110010100101001011001011010000011100'),
    ('1100000000100000110001011100110111110110100111111010010010001101100110001100001011001010101101111010100001000110101000101011011101'),
    ('1010111100010111011011000111111010010010101001010101000110001111100101110000100010000111101010110010011000001101001101000010100011'),
    ('0010010000110111110110110101100001110100101101101110001111110000011111000100010110100010010101100111110010010000011010011111001001'),
    ('0111101000100100110011100010001011101010111110001000110110001101011010110011111100100010100001011110100010101100111000110011110010'),
    ('0011010010101011011010000100000111110001100011111001000101101000000001110100000010111100001001000011000010000001011001100101101000'),
    ('1111010011100001011001110110001010010010001101110001111001010011000110001110101110111110100001001100000110110101001101000110110001'),
    ('1101100101000101110111011101001011101110111000001100100100110111100100111100111001111010100001100000111000011000011100011010011100'),
    ('1111010111100111101110000000001000001001110110101000011100100000001000001000000111011111101101100110111000100101010101010101111010'),
    ('0110111100110100111010101101100101001010011011000011000001010110000010011011110100110000110001110110110011101111010001110001010000'),
    ('0011100101000001000010111101011010001001000001001000010011010111010100101000101111101110110010001100000110100000110100001110001000'),
    ('0101111100101100000000100110110000100110111100011011001101001011011010000111010111011111001000011001101101000101001011010100100110'),
    ('0010011100101000100110101100011010011010100000000100011001110101101110001010011001010010111001110100110101101011001100010000000001');

INSERT INTO lockerKey (binaryBarcode, lockerId) VALUES
    ('0101011101011011110110101001001110110111001011110000100001010111110010010110000100010110001110001001100000111110001110100110101110','A001'),
    ('1101011111111111100000111010100011000110101000100101000100101001101110000011100100100100111000010100011101100011000011110000010111','A002'),
    ('1110101100101111100101101110100100011001100110001011010001010000001101110000011101000011110000011001000000001110110000000010011001','A003'),
    ('0100100000110111011001011111000001000110100011000000100000110100100110100010111101010010110100100100100100100101100110110101111101','A004'),
    ('1000001000100010110101111100110110101110101001101110101001100000011011000100110010101101010101110101110000101111010110101111010010','A005'),
    ('1100001001101110000011101101011100011110001011101011101010111010010011011011110111001000001001100000101010011101101010100100100111','A006'),
    ('0001101001010011100000010001100000110110000111001000101110011010101001110111111101110111111010100000101001000100010110011101101000','A007'),
    ('0101111000001001010101110101101100110111001011100001101111111110010011111110111000001010011000010110001010100101111011010100010000','A008'),
    ('0001001111111001111000100101100101000001111110011110011011011100101001010000010110100101011101100001110101101001100010010101101111','A009'),
    ('0111010101110011010100101010000110010100111111111100110010000100110010011010101010101101111100101111010000011110000111111010111001','A010'),
    ('0010001011010110010111100110110110001101101011100110100000010001101011011010101000110000000100100001100101000011100000111010001011','A011'),
    ('1110100010101010111011110001101001000000100010111001110001111011100100101001111010110011110110000110000110010100111100010111001101','A012'),
    ('1000100111000111111010111111001011110111101100011101001111000000111110011111111101100101110001111001100011011111000100010010110111','A013'),
    ('1111000111000100110111011010100010001011010110011010100100011001000010010010010101010111010100010111000011101000011011110001101100','A014'),
    ('1001001000100000001101110010000001111110000110011100011111101110000100000000100010101100110000000000011000001110000010000110011000','A015'),
    ('1110110100111110011111011101100011111100101101000110101010111110100001011000100000011011011001110110111100101010100111011010011001','A016'),
    ('0000111000011000110001010011110111111110001111010001000100011100000010000100010100111010000100010000110100111110100010111110100011','A017'),
    ('0010011010001101010101000011100110101110000111001100010011110011100010011011010010101001111011001000101111110011100010000011111011','A018'),
    ('0000100101101011011111000000110101100011001110100100100011000110101010011110101100011010000100111100001001101111101001110101110110','A019'),
    ('0101010101100011000000000110110011101100111110011000011000000000110011000101011111011100100110000111011001101010010000100101101010','A020'),
    ('1010110000001001110011100111010111000101011100101100001100010000000100000101110000010100011100101010010010110000110000111011001001','A021'),
    ('1111111000101000001101110100001100111011001111000010001111010101001001001001100111011111111100100101010100101000001000000110100010','A022'),
    ('0110110101111011111011000000111110010101011010000000001010011000101001000000111110011100010001101110000001110000111001010010100110','A023'),
    ('0010111011100011101101101000001111000000110100100111010110000001000111010000000100010000011001001000110001110110100001000100100111','A024'),
    ('0111011111100001010000111101001101001101111111101000100000011101110001011101110000110111001000110101110001111101010111001001110101','A025');